Category,RGS,AC,PValue,Bonferroni
Metabolism,108,1601,5.088384521286514e-34,1.424747665960224e-32
Stress response,74,833,1.2711833245550845e-30,3.5593133087542366e-29
Proteolysis general,31,394,5.114901630900697e-12,1.432172456652195e-10
Unassigned,158,6343,1.348303493930442e-06,3.7752497830052376e-05
